id,name
1085660,Destiny 2
1092720,Hello Neighbor Alpha 2
1096710,Hello Neighbor Alpha 4
1172470,Apex Legends
1180380,Stay Out
1407200,World of Tanks
1938090,Call of Duty®
2232840,Garten of Banban
2250040,Crosshair V2
227940,Heroes & Generals
236390,War Thunder
271590,Grand Theft Auto V
291480,Warface: Clutch
304930,Unturned
332070,School of Dragons: How to Train Your Dragon
332950,Dark Deception
346110,ARK: Survival Evolved
407530,ARK: Survival Of The Fittest
43160,Metro: Last Light Complete Edition
457330,High Octane Drift
489630,"Warhammer 40,000: Gladius - Relics of War"
578080,PUBG: BATTLEGROUNDS
635260,CarX Drift Racing Online
70,Half-Life
700330,SCP: Secret Laboratory
714010,Aimlabs
730,Counter-Strike 2
738060,Freddy Fazbear's Pizzeria Simulator
747610,Zula Global
755790,Ring of Elysium
871720,Ultimate Custom Night
